datetime (UTC),"coordinates (lat,lon)",model (name),model elevation (surface),utc_offset (hrs),temperature (degC)
2022-02-01,"(42.291707, -85.587229)",era5,261.76,-5.00,0.20
2022-02-02,"(42.291707, -85.587229)",era5,261.76,-5.00,-0.61
2022-02-03,"(42.291707, -85.587229)",era5,261.76,-5.00,-7.70
2022-02-04,"(42.291707, -85.587229)",era5,261.76,-5.00,-11.96
2022-02-05,"(42.291707, -85.587229)",era5,261.76,-5.00,-8.72
2022-02-06,"(42.291707, -85.587229)",era5,261.76,-5.00,-7.12
2022-02-07,"(42.291707, -85.587229)",era5,261.76,-5.00,-3.17
2022-02-08,"(42.291707, -85.587229)",era5,261.76,-5.00,-4.66
2022-02-09,"(42.291707, -85.587229)",era5,261.76,-5.00,0.99
2022-02-10,"(42.291707, -85.587229)",era5,261.76,-5.00,-0.02
2022-02-11,"(42.291707, -85.587229)",era5,261.76,-5.00,0.67
2022-02-12,"(42.291707, -85.587229)",era5,261.76,-5.00,-4.53
2022-02-13,"(42.291707, -85.587229)",era5,261.76,-5.00,-9.19
2022-02-14,"(42.291707, -85.587229)",era5,261.76,-5.00,-12.33
2022-02-15,"(42.291707, -85.587229)",era5,261.76,-5.00,-7.35
2022-02-16,"(42.291707, -85.587229)",era5,261.76,-5.00,4.05
2022-02-17,"(42.291707, -85.587229)",era5,261.76,-5.00,3.23
2022-02-18,"(42.291707, -85.587229)",era5,261.76,-5.00,-7.23
2022-02-19,"(42.291707, -85.587229)",era5,261.76,-5.00,-7.11
2022-02-20,"(42.291707, -85.587229)",era5,261.76,-5.00,-4.37
2022-02-21,"(42.291707, -85.587229)",era5,261.76,-5.00,4.15
2022-02-22,"(42.291707, -85.587229)",era5,261.76,-5.00,7.91
2022-02-23,"(42.291707, -85.587229)",era5,261.76,-5.00,-3.61
2022-02-24,"(42.291707, -85.587229)",era5,261.76,-5.00,-4.99
2022-02-25,"(42.291707, -85.587229)",era5,261.76,-5.00,-5.17
2022-02-26,"(42.291707, -85.587229)",era5,261.76,-5.00,-4.88
2022-02-27,"(42.291707, -85.587229)",era5,261.76,-5.00,-0.76
2022-02-28,"(42.291707, -85.587229)",era5,261.76,-5.00,-0.12
2022-03-01,"(42.291707, -85.587229)",era5,261.76,-5.00,4.52
2022-03-02,"(42.291707, -85.587229)",era5,261.76,-5.00,1.45
2022-03-03,"(42.291707, -85.587229)",era5,261.76,-5.00,-1.17
2022-03-04,"(42.291707, -85.587229)",era5,261.76,-5.00,-1.34
2022-03-05,"(42.291707, -85.587229)",era5,261.76,-5.00,7.01
2022-03-06,"(42.291707, -85.587229)",era5,261.76,-5.00,9.87
2022-03-07,"(42.291707, -85.587229)",era5,261.76,-5.00,0.74
2022-03-08,"(42.291707, -85.587229)",era5,261.76,-5.00,0.03
2022-03-09,"(42.291707, -85.587229)",era5,261.76,-5.00,0.19
2022-03-10,"(42.291707, -85.587229)",era5,261.76,-5.00,-1.51
2022-03-11,"(42.291707, -85.587229)",era5,261.76,-5.00,-3.94
2022-03-12,"(42.291707, -85.587229)",era5,261.76,-5.00,-7.86
2022-03-13,"(42.291707, -85.587229)",era5,261.76,-5.00,-4.17
2022-03-14,"(42.291707, -85.587229)",era5,261.76,-5.00,6.08
2022-03-15,"(42.291707, -85.587229)",era5,261.76,-5.00,7.15
2022-03-16,"(42.291707, -85.587229)",era5,261.76,-5.00,7.90
2022-03-17,"(42.291707, -85.587229)",era5,261.76,-5.00,13.82
2022-03-18,"(42.291707, -85.587229)",era5,261.76,-5.00,10.42
2022-03-19,"(42.291707, -85.587229)",era5,261.76,-5.00,6.00
2022-03-20,"(42.291707, -85.587229)",era5,261.76,-5.00,5.93
2022-03-21,"(42.291707, -85.587229)",era5,261.76,-5.00,9.20
2022-03-22,"(42.291707, -85.587229)",era5,261.76,-5.00,8.21
2022-03-23,"(42.291707, -85.587229)",era5,261.76,-5.00,8.91
2022-03-24,"(42.291707, -85.587229)",era5,261.76,-5.00,7.41
2022-03-25,"(42.291707, -85.587229)",era5,261.76,-5.00,4.12
2022-03-26,"(42.291707, -85.587229)",era5,261.76,-5.00,0.06
2022-03-27,"(42.291707, -85.587229)",era5,261.76,-5.00,-3.46
2022-03-28,"(42.291707, -85.587229)",era5,261.76,-5.00,-3.98
2022-03-29,"(42.291707, -85.587229)",era5,261.76,-5.00,-1.65
2022-03-30,"(42.291707, -85.587229)",era5,261.76,-5.00,6.86
2022-03-31,"(42.291707, -85.587229)",era5,261.76,-5.00,7.82
2022-04-01,"(42.291707, -85.587229)",era5,261.76,-5.00,0.82
2022-04-02,"(42.291707, -85.587229)",era5,261.76,-5.00,0.73
2022-04-03,"(42.291707, -85.587229)",era5,261.76,-5.00,4.04
2022-04-04,"(42.291707, -85.587229)",era5,261.76,-5.00,5.90
2022-04-05,"(42.291707, -85.587229)",era5,261.76,-5.00,6.62
2022-04-06,"(42.291707, -85.587229)",era5,261.76,-5.00,10.23
2022-04-07,"(42.291707, -85.587229)",era5,261.76,-5.00,6.95
2022-04-08,"(42.291707, -85.587229)",era5,261.76,-5.00,4.89
2022-04-09,"(42.291707, -85.587229)",era5,261.76,-5.00,1.89
2022-04-10,"(42.291707, -85.587229)",era5,261.76,-5.00,5.01
2022-04-11,"(42.291707, -85.587229)",era5,261.76,-5.00,12.59
2022-04-12,"(42.291707, -85.587229)",era5,261.76,-5.00,10.97
2022-04-13,"(42.291707, -85.587229)",era5,261.76,-5.00,17.75
2022-04-14,"(42.291707, -85.587229)",era5,261.76,-5.00,9.15
2022-04-15,"(42.291707, -85.587229)",era5,261.76,-5.00,6.93
2022-04-16,"(42.291707, -85.587229)",era5,261.76,-5.00,3.56
2022-04-17,"(42.291707, -85.587229)",era5,261.76,-5.00,1.61
2022-04-18,"(42.291707, -85.587229)",era5,261.76,-5.00,2.37
2022-04-19,"(42.291707, -85.587229)",era5,261.76,-5.00,2.71
2022-04-20,"(42.291707, -85.587229)",era5,261.76,-5.00,4.07
2022-04-21,"(42.291707, -85.587229)",era5,261.76,-5.00,11.96
2022-04-22,"(42.291707, -85.587229)",era5,261.76,-5.00,8.85
2022-04-23,"(42.291707, -85.587229)",era5,261.76,-5.00,14.81
2022-04-24,"(42.291707, -85.587229)",era5,261.76,-5.00,21.48
2022-04-25,"(42.291707, -85.587229)",era5,261.76,-5.00,13.60
2022-04-26,"(42.291707, -85.587229)",era5,261.76,-5.00,5.28
2022-04-27,"(42.291707, -85.587229)",era5,261.76,-5.00,2.70
2022-04-28,"(42.291707, -85.587229)",era5,261.76,-5.00,5.60
2022-04-29,"(42.291707, -85.587229)",era5,261.76,-5.00,10.46
2022-04-30,"(42.291707, -85.587229)",era5,261.76,-5.00,11.55
2022-05-01,"(42.291707, -85.587229)",era5,261.76,-5.00,13.38
2022-05-02,"(42.291707, -85.587229)",era5,261.76,-5.00,9.87
2022-05-03,"(42.291707, -85.587229)",era5,261.76,-5.00,9.69
2022-05-04,"(42.291707, -85.587229)",era5,261.76,-5.00,11.08
2022-05-05,"(42.291707, -85.587229)",era5,261.76,-5.00,11.21
2022-05-06,"(42.291707, -85.587229)",era5,261.76,-5.00,10.96
2022-05-07,"(42.291707, -85.587229)",era5,261.76,-5.00,13.52
2022-05-08,"(42.291707, -85.587229)",era5,261.76,-5.00,12.84
2022-05-09,"(42.291707, -85.587229)",era5,261.76,-5.00,16.88
2022-05-10,"(42.291707, -85.587229)",era5,261.76,-5.00,22.00
2022-05-11,"(42.291707, -85.587229)",era5,261.76,-5.00,25.51
2022-05-12,"(42.291707, -85.587229)",era5,261.76,-5.00,24.42
2022-05-13,"(42.291707, -85.587229)",era5,261.76,-5.00,23.76
2022-05-14,"(42.291707, -85.587229)",era5,261.76,-5.00,23.29
2022-05-15,"(42.291707, -85.587229)",era5,261.76,-5.00,18.76
2022-05-16,"(42.291707, -85.587229)",era5,261.76,-5.00,16.78
2022-05-17,"(42.291707, -85.587229)",era5,261.76,-5.00,15.01
2022-05-18,"(42.291707, -85.587229)",era5,261.76,-5.00,12.57
2022-05-19,"(42.291707, -85.587229)",era5,261.76,-5.00,16.88
2022-05-20,"(42.291707, -85.587229)",era5,261.76,-5.00,24.06
2022-05-21,"(42.291707, -85.587229)",era5,261.76,-5.00,17.92
2022-05-22,"(42.291707, -85.587229)",era5,261.76,-5.00,13.32
2022-05-23,"(42.291707, -85.587229)",era5,261.76,-5.00,11.45
2022-05-24,"(42.291707, -85.587229)",era5,261.76,-5.00,14.05
2022-05-25,"(42.291707, -85.587229)",era5,261.76,-5.00,16.72
2022-05-26,"(42.291707, -85.587229)",era5,261.76,-5.00,21.24
2022-05-27,"(42.291707, -85.587229)",era5,261.76,-5.00,18.24
2022-05-28,"(42.291707, -85.587229)",era5,261.76,-5.00,16.39
2022-05-29,"(42.291707, -85.587229)",era5,261.76,-5.00,20.66
2022-05-30,"(42.291707, -85.587229)",era5,261.76,-5.00,25.35
2022-05-31,"(42.291707, -85.587229)",era5,261.76,-5.00,26.86
2022-06-01,"(42.291707, -85.587229)",era5,261.76,-5.00,23.23
2022-06-02,"(42.291707, -85.587229)",era5,261.76,-5.00,17.42
2022-06-03,"(42.291707, -85.587229)",era5,261.76,-5.00,18.73
2022-06-04,"(42.291707, -85.587229)",era5,261.76,-5.00,16.47
2022-06-05,"(42.291707, -85.587229)",era5,261.76,-5.00,18.49
2022-06-06,"(42.291707, -85.587229)",era5,261.76,-5.00,19.88
2022-06-07,"(42.291707, -85.587229)",era5,261.76,-5.00,18.46
2022-06-08,"(42.291707, -85.587229)",era5,261.76,-5.00,15.32
2022-06-09,"(42.291707, -85.587229)",era5,261.76,-5.00,16.45
2022-06-10,"(42.291707, -85.587229)",era5,261.76,-5.00,18.31
2022-06-11,"(42.291707, -85.587229)",era5,261.76,-5.00,18.74
2022-06-12,"(42.291707, -85.587229)",era5,261.76,-5.00,21.37
2022-06-13,"(42.291707, -85.587229)",era5,261.76,-5.00,22.75
2022-06-14,"(42.291707, -85.587229)",era5,261.76,-5.00,25.52
2022-06-15,"(42.291707, -85.587229)",era5,261.76,-5.00,30.16
2022-06-16,"(42.291707, -85.587229)",era5,261.76,-5.00,28.56
2022-06-17,"(42.291707, -85.587229)",era5,261.76,-5.00,23.97
2022-06-18,"(42.291707, -85.587229)",era5,261.76,-5.00,19.24
2022-06-19,"(42.291707, -85.587229)",era5,261.76,-5.00,18.88
2022-06-20,"(42.291707, -85.587229)",era5,261.76,-5.00,23.82
2022-06-21,"(42.291707, -85.587229)",era5,261.76,-5.00,27.14
2022-06-22,"(42.291707, -85.587229)",era5,261.76,-5.00,27.24
2022-06-23,"(42.291707, -85.587229)",era5,261.76,-5.00,21.85
2022-06-24,"(42.291707, -85.587229)",era5,261.76,-5.00,22.67
2022-06-25,"(42.291707, -85.587229)",era5,261.76,-5.00,24.27
2022-06-26,"(42.291707, -85.587229)",era5,261.76,-5.00,22.97
2022-06-27,"(42.291707, -85.587229)",era5,261.76,-5.00,19.01
2022-06-28,"(42.291707, -85.587229)",era5,261.76,-5.00,18.75
2022-06-29,"(42.291707, -85.587229)",era5,261.76,-5.00,22.32
2022-06-30,"(42.291707, -85.587229)",era5,261.76,-5.00,24.88
2022-07-01,"(42.291707, -85.587229)",era5,261.76,-5.00,24.74
2022-07-02,"(42.291707, -85.587229)",era5,261.76,-5.00,21.27
2022-07-03,"(42.291707, -85.587229)",era5,261.76,-5.00,23.29
2022-07-04,"(42.291707, -85.587229)",era5,261.76,-5.00,24.60
2022-07-05,"(42.291707, -85.587229)",era5,261.76,-5.00,25.68
2022-07-06,"(42.291707, -85.587229)",era5,261.76,-5.00,23.91
2022-07-07,"(42.291707, -85.587229)",era5,261.76,-5.00,23.36
2022-07-08,"(42.291707, -85.587229)",era5,261.76,-5.00,23.07
2022-07-09,"(42.291707, -85.587229)",era5,261.76,-5.00,21.12
2022-07-10,"(42.291707, -85.587229)",era5,261.76,-5.00,20.66
2022-07-11,"(42.291707, -85.587229)",era5,261.76,-5.00,22.89
2022-07-12,"(42.291707, -85.587229)",era5,261.76,-5.00,22.87
2022-07-13,"(42.291707, -85.587229)",era5,261.76,-5.00,20.94
2022-07-14,"(42.291707, -85.587229)",era5,261.76,-5.00,21.36
2022-07-15,"(42.291707, -85.587229)",era5,261.76,-5.00,19.85
2022-07-16,"(42.291707, -85.587229)",era5,261.76,-5.00,21.81
2022-07-17,"(42.291707, -85.587229)",era5,261.76,-5.00,22.64
2022-07-18,"(42.291707, -85.587229)",era5,261.76,-5.00,24.05
2022-07-19,"(42.291707, -85.587229)",era5,261.76,-5.00,25.39
2022-07-20,"(42.291707, -85.587229)",era5,261.76,-5.00,26.79
2022-07-21,"(42.291707, -85.587229)",era5,261.76,-5.00,25.32
2022-07-22,"(42.291707, -85.587229)",era5,261.76,-5.00,24.67
2022-07-23,"(42.291707, -85.587229)",era5,261.76,-5.00,24.51
2022-07-24,"(42.291707, -85.587229)",era5,261.76,-5.00,24.51
2022-07-25,"(42.291707, -85.587229)",era5,261.76,-5.00,21.00
2022-07-26,"(42.291707, -85.587229)",era5,261.76,-5.00,19.60
2022-07-27,"(42.291707, -85.587229)",era5,261.76,-5.00,21.90
2022-07-28,"(42.291707, -85.587229)",era5,261.76,-5.00,22.59
2022-07-29,"(42.291707, -85.587229)",era5,261.76,-5.00,20.62
2022-07-30,"(42.291707, -85.587229)",era5,261.76,-5.00,20.80
2022-07-31,"(42.291707, -85.587229)",era5,261.76,-5.00,22.69
2022-08-01,"(42.291707, -85.587229)",era5,261.76,-5.00,23.69
2022-08-02,"(42.291707, -85.587229)",era5,261.76,-5.00,23.27
2022-08-03,"(42.291707, -85.587229)",era5,261.76,-5.00,25.76
2022-08-04,"(42.291707, -85.587229)",era5,261.76,-5.00,23.96
2022-08-05,"(42.291707, -85.587229)",era5,261.76,-5.00,24.71
2022-08-06,"(42.291707, -85.587229)",era5,261.76,-5.00,26.10
2022-08-07,"(42.291707, -85.587229)",era5,261.76,-5.00,25.90
2022-08-08,"(42.291707, -85.587229)",era5,261.76,-5.00,24.75
2022-08-09,"(42.291707, -85.587229)",era5,261.76,-5.00,20.97
2022-08-10,"(42.291707, -85.587229)",era5,261.76,-5.00,20.92
2022-08-11,"(42.291707, -85.587229)",era5,261.76,-5.00,22.16
2022-08-12,"(42.291707, -85.587229)",era5,261.76,-5.00,19.60
2022-08-13,"(42.291707, -85.587229)",era5,261.76,-5.00,17.29
2022-08-14,"(42.291707, -85.587229)",era5,261.76,-5.00,17.25
2022-08-15,"(42.291707, -85.587229)",era5,261.76,-5.00,20.68
2022-08-16,"(42.291707, -85.587229)",era5,261.76,-5.00,20.79
2022-08-17,"(42.291707, -85.587229)",era5,261.76,-5.00,20.93
2022-08-18,"(42.291707, -85.587229)",era5,261.76,-5.00,20.81
2022-08-19,"(42.291707, -85.587229)",era5,261.76,-5.00,21.64
2022-08-20,"(42.291707, -85.587229)",era5,261.76,-5.00,22.03
2022-08-21,"(42.291707, -85.587229)",era5,261.76,-5.00,20.91
2022-08-22,"(42.291707, -85.587229)",era5,261.76,-5.00,21.57
2022-08-23,"(42.291707, -85.587229)",era5,261.76,-5.00,19.63
2022-08-24,"(42.291707, -85.587229)",era5,261.76,-5.00,21.72
2022-08-25,"(42.291707, -85.587229)",era5,261.76,-5.00,21.48
2022-08-26,"(42.291707, -85.587229)",era5,261.76,-5.00,21.28
2022-08-27,"(42.291707, -85.587229)",era5,261.76,-5.00,19.92
2022-08-28,"(42.291707, -85.587229)",era5,261.76,-5.00,22.77
2022-08-29,"(42.291707, -85.587229)",era5,261.76,-5.00,24.91
2022-08-30,"(42.291707, -85.587229)",era5,261.76,-5.00,21.46
2022-08-31,"(42.291707, -85.587229)",era5,261.76,-5.00,20.48
2022-09-01,"(42.291707, -85.587229)",era5,261.76,-5.00,22.91
2022-09-02,"(42.291707, -85.587229)",era5,261.76,-5.00,23.65
2022-09-03,"(42.291707, -85.587229)",era5,261.76,-5.00,23.46
2022-09-04,"(42.291707, -85.587229)",era5,261.76,-5.00,20.74
2022-09-05,"(42.291707, -85.587229)",era5,261.76,-5.00,19.13
2022-09-06,"(42.291707, -85.587229)",era5,261.76,-5.00,20.94
2022-09-07,"(42.291707, -85.587229)",era5,261.76,-5.00,20.20
2022-09-08,"(42.291707, -85.587229)",era5,261.76,-5.00,19.96
2022-09-09,"(42.291707, -85.587229)",era5,261.76,-5.00,20.11
2022-09-10,"(42.291707, -85.587229)",era5,261.76,-5.00,22.61
2022-09-11,"(42.291707, -85.587229)",era5,261.76,-5.00,20.27
2022-09-12,"(42.291707, -85.587229)",era5,261.76,-5.00,16.51
2022-09-13,"(42.291707, -85.587229)",era5,261.76,-5.00,15.09
2022-09-14,"(42.291707, -85.587229)",era5,261.76,-5.00,18.35
2022-09-15,"(42.291707, -85.587229)",era5,261.76,-5.00,18.62
2022-09-16,"(42.291707, -85.587229)",era5,261.76,-5.00,20.71
2022-09-17,"(42.291707, -85.587229)",era5,261.76,-5.00,21.77
2022-09-18,"(42.291707, -85.587229)",era5,261.76,-5.00,23.25
2022-09-19,"(42.291707, -85.587229)",era5,261.76,-5.00,22.21
2022-09-20,"(42.291707, -85.587229)",era5,261.76,-5.00,18.21
2022-09-21,"(42.291707, -85.587229)",era5,261.76,-5.00,22.59
2022-09-22,"(42.291707, -85.587229)",era5,261.76,-5.00,15.51
2022-09-23,"(42.291707, -85.587229)",era5,261.76,-5.00,10.70
2022-09-24,"(42.291707, -85.587229)",era5,261.76,-5.00,13.58
2022-09-25,"(42.291707, -85.587229)",era5,261.76,-5.00,14.73
2022-09-26,"(42.291707, -85.587229)",era5,261.76,-5.00,12.37
2022-09-27,"(42.291707, -85.587229)",era5,261.76,-5.00,11.06
2022-09-28,"(42.291707, -85.587229)",era5,261.76,-5.00,10.91
2022-09-29,"(42.291707, -85.587229)",era5,261.76,-5.00,10.13
2022-09-30,"(42.291707, -85.587229)",era5,261.76,-5.00,10.31
2022-10-01,"(42.291707, -85.587229)",era5,261.76,-5.00,12.43
2022-10-02,"(42.291707, -85.587229)",era5,261.76,-5.00,14.25
2022-10-03,"(42.291707, -85.587229)",era5,261.76,-5.00,10.50
2022-10-04,"(42.291707, -85.587229)",era5,261.76,-5.00,11.35
2022-10-05,"(42.291707, -85.587229)",era5,261.76,-5.00,13.52
2022-10-06,"(42.291707, -85.587229)",era5,261.76,-5.00,15.40
2022-10-07,"(42.291707, -85.587229)",era5,261.76,-5.00,9.01
2022-10-08,"(42.291707, -85.587229)",era5,261.76,-5.00,6.34
2022-10-09,"(42.291707, -85.587229)",era5,261.76,-5.00,10.10
2022-10-10,"(42.291707, -85.587229)",era5,261.76,-5.00,12.54
2022-10-11,"(42.291707, -85.587229)",era5,261.76,-5.00,13.41
2022-10-12,"(42.291707, -85.587229)",era5,261.76,-5.00,15.75
2022-10-13,"(42.291707, -85.587229)",era5,261.76,-5.00,8.96
2022-10-14,"(42.291707, -85.587229)",era5,261.76,-5.00,7.03
2022-10-15,"(42.291707, -85.587229)",era5,261.76,-5.00,8.19
2022-10-16,"(42.291707, -85.587229)",era5,261.76,-5.00,8.11
2022-10-17,"(42.291707, -85.587229)",era5,261.76,-5.00,5.08
2022-10-18,"(42.291707, -85.587229)",era5,261.76,-5.00,3.75
2022-10-19,"(42.291707, -85.587229)",era5,261.76,-5.00,5.19
2022-10-20,"(42.291707, -85.587229)",era5,261.76,-5.00,5.16
2022-10-21,"(42.291707, -85.587229)",era5,261.76,-5.00,9.61
2022-10-22,"(42.291707, -85.587229)",era5,261.76,-5.00,17.24
2022-10-23,"(42.291707, -85.587229)",era5,261.76,-5.00,18.13
2022-10-24,"(42.291707, -85.587229)",era5,261.76,-5.00,19.06
2022-10-25,"(42.291707, -85.587229)",era5,261.76,-5.00,17.40
2022-10-26,"(42.291707, -85.587229)",era5,261.76,-5.00,11.31
2022-10-27,"(42.291707, -85.587229)",era5,261.76,-5.00,5.39
2022-10-28,"(42.291707, -85.587229)",era5,261.76,-5.00,7.66
2022-10-29,"(42.291707, -85.587229)",era5,261.76,-5.00,7.64
2022-10-30,"(42.291707, -85.587229)",era5,261.76,-5.00,8.76
2022-10-31,"(42.291707, -85.587229)",era5,261.76,-5.00,13.40
2022-11-01,"(42.291707, -85.587229)",era5,261.76,-5.00,13.61
2022-11-02,"(42.291707, -85.587229)",era5,261.76,-5.00,10.66
2022-11-03,"(42.291707, -85.587229)",era5,261.76,-5.00,14.07
2022-11-04,"(42.291707, -85.587229)",era5,261.76,-5.00,16.71
2022-11-05,"(42.291707, -85.587229)",era5,261.76,-5.00,17.78
2022-11-06,"(42.291707, -85.587229)",era5,261.76,-5.00,11.26
2022-11-07,"(42.291707, -85.587229)",era5,261.76,-5.00,9.40
2022-11-08,"(42.291707, -85.587229)",era5,261.76,-5.00,5.94
2022-11-09,"(42.291707, -85.587229)",era5,261.76,-5.00,9.16
2022-11-10,"(42.291707, -85.587229)",era5,261.76,-5.00,16.90
2022-11-11,"(42.291707, -85.587229)",era5,261.76,-5.00,11.52
2022-11-12,"(42.291707, -85.587229)",era5,261.76,-5.00,2.40
2022-11-13,"(42.291707, -85.587229)",era5,261.76,-5.00,0.85
2022-11-14,"(42.291707, -85.587229)",era5,261.76,-5.00,0.91
2022-11-15,"(42.291707, -85.587229)",era5,261.76,-5.00,0.96
2022-11-16,"(42.291707, -85.587229)",era5,261.76,-5.00,1.08
2022-11-17,"(42.291707, -85.587229)",era5,261.76,-5.00,-0.74
2022-11-18,"(42.291707, -85.587229)",era5,261.76,-5.00,-2.26
2022-11-19,"(42.291707, -85.587229)",era5,261.76,-5.00,-5.67
2022-11-20,"(42.291707, -85.587229)",era5,261.76,-5.00,-6.17
2022-11-21,"(42.291707, -85.587229)",era5,261.76,-5.00,-2.10
2022-11-22,"(42.291707, -85.587229)",era5,261.76,-5.00,-1.41
2022-11-23,"(42.291707, -85.587229)",era5,261.76,-5.00,1.81
2022-11-24,"(42.291707, -85.587229)",era5,261.76,-5.00,4.51
2022-11-25,"(42.291707, -85.587229)",era5,261.76,-5.00,6.71
2022-11-26,"(42.291707, -85.587229)",era5,261.76,-5.00,4.62
2022-11-27,"(42.291707, -85.587229)",era5,261.76,-5.00,4.59
2022-11-28,"(42.291707, -85.587229)",era5,261.76,-5.00,3.54
2022-11-29,"(42.291707, -85.587229)",era5,261.76,-5.00,6.63
2022-11-30,"(42.291707, -85.587229)",era5,261.76,-5.00,3.49
2022-12-01,"(42.291707, -85.587229)",era5,261.76,-5.00,-1.33
2022-12-02,"(42.291707, -85.587229)",era5,261.76,-5.00,3.54
2022-12-03,"(42.291707, -85.587229)",era5,261.76,-5.00,4.49
2022-12-04,"(42.291707, -85.587229)",era5,261.76,-5.00,-2.63
2022-12-05,"(42.291707, -85.587229)",era5,261.76,-5.00,0.75
2022-12-06,"(42.291707, -85.587229)",era5,261.76,-5.00,4.40
2022-12-07,"(42.291707, -85.587229)",era5,261.76,-5.00,5.47
2022-12-08,"(42.291707, -85.587229)",era5,261.76,-5.00,2.92
2022-12-09,"(42.291707, -85.587229)",era5,261.76,-5.00,0.41
2022-12-10,"(42.291707, -85.587229)",era5,261.76,-5.00,0.66
2022-12-11,"(42.291707, -85.587229)",era5,261.76,-5.00,2.36
2022-12-12,"(42.291707, -85.587229)",era5,261.76,-5.00,2.01
2022-12-13,"(42.291707, -85.587229)",era5,261.76,-5.00,1.02
2022-12-14,"(42.291707, -85.587229)",era5,261.76,-5.00,2.05
2022-12-15,"(42.291707, -85.587229)",era5,261.76,-5.00,2.82
2022-12-16,"(42.291707, -85.587229)",era5,261.76,-5.00,0.29
2022-12-17,"(42.291707, -85.587229)",era5,261.76,-5.00,-2.68
2022-12-18,"(42.291707, -85.587229)",era5,261.76,-5.00,-4.23
2022-12-19,"(42.291707, -85.587229)",era5,261.76,-5.00,-4.60
2022-12-20,"(42.291707, -85.587229)",era5,261.76,-5.00,-2.74
2022-12-21,"(42.291707, -85.587229)",era5,261.76,-5.00,-3.35
2022-12-22,"(42.291707, -85.587229)",era5,261.76,-5.00,-0.31
2022-12-23,"(42.291707, -85.587229)",era5,261.76,-5.00,-12.42
2022-12-24,"(42.291707, -85.587229)",era5,261.76,-5.00,-12.29
2022-12-25,"(42.291707, -85.587229)",era5,261.76,-5.00,-8.91
2022-12-26,"(42.291707, -85.587229)",era5,261.76,-5.00,-8.74
2022-12-27,"(42.291707, -85.587229)",era5,261.76,-5.00,-6.95
2022-12-28,"(42.291707, -85.587229)",era5,261.76,-5.00,-0.81
2022-12-29,"(42.291707, -85.587229)",era5,261.76,-5.00,7.49
2022-12-30,"(42.291707, -85.587229)",era5,261.76,-5.00,10.89
2022-12-31,"(42.291707, -85.587229)",era5,261.76,-5.00,3.02
2023-01-01,"(42.291707, -85.587229)",era5,261.76,-5.00,3.89
2023-01-02,"(42.291707, -85.587229)",era5,261.76,-5.00,5.07
2023-01-03,"(42.291707, -85.587229)",era5,261.76,-5.00,6.22
2023-01-04,"(42.291707, -85.587229)",era5,261.76,-5.00,8.55
2023-01-05,"(42.291707, -85.587229)",era5,261.76,-5.00,1.89
2023-01-06,"(42.291707, -85.587229)",era5,261.76,-5.00,0.94
2023-01-07,"(42.291707, -85.587229)",era5,261.76,-5.00,-0.15
2023-01-08,"(42.291707, -85.587229)",era5,261.76,-5.00,-0.98
2023-01-09,"(42.291707, -85.587229)",era5,261.76,-5.00,0.24
2023-01-10,"(42.291707, -85.587229)",era5,261.76,-5.00,2.01
2023-01-11,"(42.291707, -85.587229)",era5,261.76,-5.00,4.20
2023-01-12,"(42.291707, -85.587229)",era5,261.76,-5.00,5.87
2023-01-13,"(42.291707, -85.587229)",era5,261.76,-5.00,0.41
2023-01-14,"(42.291707, -85.587229)",era5,261.76,-5.00,-2.99
2023-01-15,"(42.291707, -85.587229)",era5,261.76,-5.00,-1.89
2023-01-16,"(42.291707, -85.587229)",era5,261.76,-5.00,1.66
2023-01-17,"(42.291707, -85.587229)",era5,261.76,-5.00,5.31
2023-01-18,"(42.291707, -85.587229)",era5,261.76,-5.00,3.31
2023-01-19,"(42.291707, -85.587229)",era5,261.76,-5.00,4.11
2023-01-20,"(42.291707, -85.587229)",era5,261.76,-5.00,1.49
2023-01-21,"(42.291707, -85.587229)",era5,261.76,-5.00,-0.72
2023-01-22,"(42.291707, -85.587229)",era5,261.76,-5.00,-0.55
2023-01-23,"(42.291707, -85.587229)",era5,261.76,-5.00,-1.55
2023-01-24,"(42.291707, -85.587229)",era5,261.76,-5.00,-0.33
2023-01-25,"(42.291707, -85.587229)",era5,261.76,-5.00,-0.11
2023-01-26,"(42.291707, -85.587229)",era5,261.76,-5.00,-0.94
2023-01-27,"(42.291707, -85.587229)",era5,261.76,-5.00,-4.47
2023-01-28,"(42.291707, -85.587229)",era5,261.76,-5.00,-2.21
2023-01-29,"(42.291707, -85.587229)",era5,261.76,-5.00,-3.09
2023-01-30,"(42.291707, -85.587229)",era5,261.76,-5.00,-5.66
2023-01-31,"(42.291707, -85.587229)",era5,261.76,-5.00,-11.14
2023-02-01,"(42.291707, -85.587229)",era5,261.76,-5.00,-10.60
2023-02-02,"(42.291707, -85.587229)",era5,261.76,-5.00,-5.77
2023-02-03,"(42.291707, -85.587229)",era5,261.76,-5.00,-10.18
2023-02-04,"(42.291707, -85.587229)",era5,261.76,-5.00,-9.33
2023-02-05,"(42.291707, -85.587229)",era5,261.76,-5.00,2.01
2023-02-06,"(42.291707, -85.587229)",era5,261.76,-5.00,-1.60
2023-02-07,"(42.291707, -85.587229)",era5,261.76,-5.00,3.28
2023-02-07,"(42.291707, -85.587229)",gfs,261.76,-5.00,1.78
2023-02-08,"(42.291707, -85.587229)",gfs,261.76,-5.00,0.89
2023-02-09,"(42.291707, -85.587229)",gfs,261.76,-5.00,2.96
2023-02-10,"(42.291707, -85.587229)",gfs,261.76,-5.00,0.93
2023-02-11,"(42.291707, -85.587229)",gfs,261.76,-5.00,-0.28
2023-02-12,"(42.291707, -85.587229)",gfs,261.76,-5.00,2.00
2023-02-13,"(42.291707, -85.587229)",gfs,261.76,-5.00,3.10
